product_id,product_name,review_text
P1001,iPhone 15 Pro,Build feels premium. Slightly heavy. Battery life is great. Overheats sometimes.
P1001,iPhone 15 Pro,Slightly heavy. Pricey but worth it. Camera quality is amazing. Face ID works seamlessly.
P1001,iPhone 15 Pro,Face ID works seamlessly. Camera quality is amazing. Slightly heavy.
P1001,iPhone 15 Pro,Face ID works seamlessly. Pricey but worth it. Battery life is great. Build feels premium.
P1001,iPhone 15 Pro,Overheats sometimes. Camera quality is amazing. Back glass cracked easily.
P1001,iPhone 15 Pro,Back glass cracked easily. Battery life is great.
P1001,iPhone 15 Pro,Display is super vibrant. Camera quality is amazing. Back glass cracked easily. Battery life is great.
P1001,iPhone 15 Pro,Battery life is great. Build feels premium. Overheats sometimes. Face ID works seamlessly.
P1001,iPhone 15 Pro,Pricey but worth it. Back glass cracked easily. Camera quality is amazing.
P1001,iPhone 15 Pro,Camera quality is amazing. Slightly heavy. Battery life is great.
P1001,iPhone 15 Pro,Camera quality is amazing. Battery life is great. Pricey but worth it. Display is super vibrant.
P1001,iPhone 15 Pro,Camera quality is amazing. Pricey but worth it. Slightly heavy.
P1001,iPhone 15 Pro,Face ID works seamlessly. Camera quality is amazing.
P1001,iPhone 15 Pro,Build feels premium. Slightly heavy. Battery life is great. Overheats sometimes.
P1001,iPhone 15 Pro,Face ID works seamlessly. Pricey but worth it. Slightly heavy. Overheats sometimes.
P1001,iPhone 15 Pro,Face ID works seamlessly. Slightly heavy.
P1001,iPhone 15 Pro,Battery life is great. Pricey but worth it.
P1001,iPhone 15 Pro,Pricey but worth it. Slightly heavy. Display is super vibrant.
P1001,iPhone 15 Pro,Back glass cracked easily. Pricey but worth it.
P1001,iPhone 15 Pro,Slightly heavy. Face ID works seamlessly. Battery life is great. Camera quality is amazing.
P1001,iPhone 15 Pro,Build feels premium. Slightly heavy. Display is super vibrant.
P1001,iPhone 15 Pro,Overheats sometimes. Pricey but worth it.
P1001,iPhone 15 Pro,Display is super vibrant. Build feels premium. Camera quality is amazing.
P1001,iPhone 15 Pro,Pricey but worth it. Display is super vibrant. Slightly heavy.
P1001,iPhone 15 Pro,Build feels premium. Pricey but worth it. Battery life is great. Face ID works seamlessly.
P1001,iPhone 15 Pro,Face ID works seamlessly. Overheats sometimes. Slightly heavy. Back glass cracked easily.
P1001,iPhone 15 Pro,Slightly heavy. Face ID works seamlessly. Display is super vibrant. Battery life is great.
P1001,iPhone 15 Pro,Battery life is great. Camera quality is amazing.
P1001,iPhone 15 Pro,Overheats sometimes. Build feels premium. Battery life is great.
P1001,iPhone 15 Pro,Pricey but worth it. Face ID works seamlessly.
P1001,iPhone 15 Pro,Camera quality is amazing. Display is super vibrant. Back glass cracked easily. Pricey but worth it.
P1001,iPhone 15 Pro,Pricey but worth it. Face ID works seamlessly. Slightly heavy.
P1001,iPhone 15 Pro,Display is super vibrant. Camera quality is amazing. Back glass cracked easily. Overheats sometimes.
P1001,iPhone 15 Pro,Back glass cracked easily. Camera quality is amazing.
P1001,iPhone 15 Pro,Slightly heavy. Face ID works seamlessly. Pricey but worth it.
P1001,iPhone 15 Pro,Pricey but worth it. Battery life is great.
P1001,iPhone 15 Pro,Display is super vibrant. Battery life is great. Back glass cracked easily.
P1001,iPhone 15 Pro,Camera quality is amazing. Build feels premium.
P1001,iPhone 15 Pro,Back glass cracked easily. Camera quality is amazing.
P1001,iPhone 15 Pro,Pricey but worth it. Camera quality is amazing.
P1001,iPhone 15 Pro,Camera quality is amazing. Display is super vibrant. Face ID works seamlessly.
P1001,iPhone 15 Pro,Face ID works seamlessly. Overheats sometimes.
P1001,iPhone 15 Pro,Back glass cracked easily. Slightly heavy. Battery life is great.
P1001,iPhone 15 Pro,Slightly heavy. Battery life is great. Display is super vibrant.
P1001,iPhone 15 Pro,Overheats sometimes. Camera quality is amazing.
P1001,iPhone 15 Pro,Back glass cracked easily. Camera quality is amazing. Build feels premium. Battery life is great.
P1001,iPhone 15 Pro,Build feels premium. Pricey but worth it.
P1001,iPhone 15 Pro,Battery life is great. Slightly heavy. Camera quality is amazing. Display is super vibrant.
P1001,iPhone 15 Pro,Back glass cracked easily. Pricey but worth it.
P1001,iPhone 15 Pro,Camera quality is amazing. Face ID works seamlessly. Battery life is great.
P1001,iPhone 15 Pro,Build feels premium. Pricey but worth it. Overheats sometimes.
P1001,iPhone 15 Pro,Display is super vibrant. Build feels premium. Slightly heavy. Camera quality is amazing.
P1002,Pixel Buds Pro,Battery lasts long. Sound quality is impressive.
P1002,Pixel Buds Pro,Mic could be better. Sound quality is impressive. Charging is quick. Case feels solid.
P1002,Pixel Buds Pro,Bass is deep. Connectivity drops sometimes. Battery lasts long.
P1002,Pixel Buds Pro,Battery lasts long. Case feels solid. Charging is quick. Bass is deep.
P1002,Pixel Buds Pro,Charging is quick. Connectivity drops sometimes. Mic could be better. Sound quality is impressive.
P1002,Pixel Buds Pro,Case feels solid. Charging is quick. Bass is deep.
P1002,Pixel Buds Pro,Connectivity drops sometimes. Sound quality is impressive. Charging is quick. Mic could be better.
P1002,Pixel Buds Pro,Sound quality is impressive. Fit is comfortable. Noise cancellation is acceptable for casual use.
P1002,Pixel Buds Pro,Noise cancellation is acceptable for casual use. Fit is comfortable.
P1002,Pixel Buds Pro,Connectivity drops sometimes. Fit is comfortable. Noise cancellation is acceptable for casual use.
P1002,Pixel Buds Pro,Noise cancellation is acceptable for casual use. Sound quality is impressive. Connectivity drops sometimes.
P1002,Pixel Buds Pro,Fit is comfortable. Connectivity drops sometimes. Case feels solid.
P1002,Pixel Buds Pro,Case feels solid. Fit is comfortable.
P1002,Pixel Buds Pro,Case feels solid. Fit is comfortable. Battery lasts long.
P1002,Pixel Buds Pro,Sound quality is impressive. Noise cancellation is acceptable for casual use.
P1002,Pixel Buds Pro,Charging is quick. Fit is comfortable. Case feels solid.
P1002,Pixel Buds Pro,Noise cancellation is acceptable for casual use. Fit is comfortable. Connectivity drops sometimes. Mic could be better.
P1002,Pixel Buds Pro,Sound quality is impressive. Charging is quick. Fit is comfortable. Case feels solid.
P1002,Pixel Buds Pro,Connectivity drops sometimes. Sound quality is impressive. Battery lasts long. Bass is deep.
P1002,Pixel Buds Pro,Bass is deep. Connectivity drops sometimes.
P1002,Pixel Buds Pro,Noise cancellation is acceptable for casual use. Charging is quick. Bass is deep.
P1002,Pixel Buds Pro,Charging is quick. Sound quality is impressive. Battery lasts long. Fit is comfortable.
P1002,Pixel Buds Pro,Case feels solid. Charging is quick. Connectivity drops sometimes.
P1002,Pixel Buds Pro,Mic could be better. Fit is comfortable. Bass is deep. Sound quality is impressive.
P1002,Pixel Buds Pro,Mic could be better. Fit is comfortable.
P1002,Pixel Buds Pro,Case feels solid. Connectivity drops sometimes. Noise cancellation is acceptable for casual use. Charging is quick.
P1002,Pixel Buds Pro,Sound quality is impressive. Charging is quick.
P1002,Pixel Buds Pro,Battery lasts long. Noise cancellation is acceptable for casual use. Case feels solid. Fit is comfortable.
P1002,Pixel Buds Pro,Battery lasts long. Mic could be better.
P1002,Pixel Buds Pro,Connectivity drops sometimes. Bass is deep. Battery lasts long.
P1002,Pixel Buds Pro,Fit is comfortable. Connectivity drops sometimes. Case feels solid. Noise cancellation is acceptable for casual use.
P1002,Pixel Buds Pro,Connectivity drops sometimes. Fit is comfortable. Mic could be better.
P1002,Pixel Buds Pro,Sound quality is impressive. Fit is comfortable. Battery lasts long. Charging is quick.
P1002,Pixel Buds Pro,Connectivity drops sometimes. Sound quality is impressive. Battery lasts long. Fit is comfortable.
P1002,Pixel Buds Pro,Connectivity drops sometimes. Noise cancellation is acceptable for casual use. Sound quality is impressive. Fit is comfortable.
P1002,Pixel Buds Pro,Sound quality is impressive. Bass is deep. Connectivity drops sometimes.
P1002,Pixel Buds Pro,Connectivity drops sometimes. Charging is quick. Sound quality is impressive.
P1002,Pixel Buds Pro,Fit is comfortable. Battery lasts long.
P1002,Pixel Buds Pro,Battery lasts long. Charging is quick.
P1002,Pixel Buds Pro,Noise cancellation is acceptable for casual use. Charging is quick. Bass is deep. Battery lasts long.
P1002,Pixel Buds Pro,Charging is quick. Connectivity drops sometimes. Noise cancellation is acceptable for casual use.
P1002,Pixel Buds Pro,Sound quality is impressive. Mic could be better. Fit is comfortable. Connectivity drops sometimes.
P1002,Pixel Buds Pro,Noise cancellation is acceptable for casual use. Charging is quick. Sound quality is impressive. Battery lasts long.
P1002,Pixel Buds Pro,Sound quality is impressive. Mic could be better. Noise cancellation is acceptable for casual use.
P1002,Pixel Buds Pro,Connectivity drops sometimes. Mic could be better. Fit is comfortable. Charging is quick.
P1002,Pixel Buds Pro,Mic could be better. Bass is deep.
P1002,Pixel Buds Pro,Battery lasts long. Connectivity drops sometimes. Case feels solid.
P1002,Pixel Buds Pro,Bass is deep. Connectivity drops sometimes. Battery lasts long.
P1002,Pixel Buds Pro,Bass is deep. Noise cancellation is acceptable for casual use. Fit is comfortable. Charging is quick.
P1002,Pixel Buds Pro,Sound quality is impressive. Battery lasts long. Case feels solid.
P1002,Pixel Buds Pro,Charging is quick. Bass is deep. Noise cancellation is acceptable for casual use. Mic could be better.
P1002,Pixel Buds Pro,Sound quality is impressive. Case feels solid. Connectivity drops sometimes.
P1002,Pixel Buds Pro,Battery lasts long. Sound quality is impressive.
P1002,Pixel Buds Pro,Fit is comfortable. Battery lasts long. Bass is deep.
P1002,Pixel Buds Pro,Charging is quick. Connectivity drops sometimes. Mic could be better. Noise cancellation is acceptable for casual use.
P1002,Pixel Buds Pro,Mic could be better. Case feels solid. Bass is deep. Charging is quick.
P1002,Pixel Buds Pro,Connectivity drops sometimes. Noise cancellation is acceptable for casual use. Bass is deep.
P1002,Pixel Buds Pro,Sound quality is impressive. Bass is deep. Fit is comfortable. Connectivity drops sometimes.
P1002,Pixel Buds Pro,Sound quality is impressive. Charging is quick. Fit is comfortable. Noise cancellation is acceptable for casual use.
P1002,Pixel Buds Pro,Charging is quick. Fit is comfortable. Mic could be better. Sound quality is impressive.
P1002,Pixel Buds Pro,Case feels solid. Mic could be better.
P1002,Pixel Buds Pro,Bass is deep. Noise cancellation is acceptable for casual use. Mic could be better. Connectivity drops sometimes.
P1002,Pixel Buds Pro,Charging is quick. Battery lasts long. Noise cancellation is acceptable for casual use.
P1002,Pixel Buds Pro,Mic could be better. Charging is quick. Case feels solid. Noise cancellation is acceptable for casual use.
P1002,Pixel Buds Pro,Charging is quick. Fit is comfortable.
P1002,Pixel Buds Pro,Mic could be better. Noise cancellation is acceptable for casual use. Fit is comfortable.
P1002,Pixel Buds Pro,Bass is deep. Connectivity drops sometimes. Case feels solid.
P1002,Pixel Buds Pro,Noise cancellation is acceptable for casual use. Sound quality is impressive. Bass is deep.
P1002,Pixel Buds Pro,Charging is quick. Fit is comfortable.
P1002,Pixel Buds Pro,Case feels solid. Noise cancellation is acceptable for casual use. Mic could be better. Connectivity drops sometimes.
P1002,Pixel Buds Pro,Mic could be better. Fit is comfortable. Case feels solid.
P1002,Pixel Buds Pro,Mic could be better. Fit is comfortable.
P1002,Pixel Buds Pro,Charging is quick. Battery lasts long. Bass is deep. Sound quality is impressive.
P1002,Pixel Buds Pro,Case feels solid. Battery lasts long.
P1002,Pixel Buds Pro,Noise cancellation is acceptable for casual use. Charging is quick.
P1002,Pixel Buds Pro,Charging is quick. Sound quality is impressive. Noise cancellation is acceptable for casual use.
P1002,Pixel Buds Pro,Noise cancellation is acceptable for casual use. Sound quality is impressive.
P1002,Pixel Buds Pro,Fit is comfortable. Charging is quick. Case feels solid.
P1002,Pixel Buds Pro,Sound quality is impressive. Mic could be better.
P1002,Pixel Buds Pro,Battery lasts long. Case feels solid. Mic could be better.
P1002,Pixel Buds Pro,Sound quality is impressive. Case feels solid. Fit is comfortable.
P1002,Pixel Buds Pro,Case feels solid. Sound quality is impressive. Connectivity drops sometimes. Battery lasts long.
P1002,Pixel Buds Pro,Connectivity drops sometimes. Battery lasts long.
P1002,Pixel Buds Pro,Connectivity drops sometimes. Case feels solid. Mic could be better. Charging is quick.
P1002,Pixel Buds Pro,Case feels solid. Noise cancellation is acceptable for casual use. Bass is deep. Sound quality is impressive.
P1002,Pixel Buds Pro,Mic could be better. Connectivity drops sometimes. Noise cancellation is acceptable for casual use.
P1002,Pixel Buds Pro,Charging is quick. Mic could be better.
P1002,Pixel Buds Pro,Noise cancellation is acceptable for casual use. Case feels solid. Mic could be better.
P1002,Pixel Buds Pro,Mic could be better. Connectivity drops sometimes.
P1002,Pixel Buds Pro,Case feels solid. Battery lasts long. Fit is comfortable. Sound quality is impressive.
P1002,Pixel Buds Pro,Case feels solid. Charging is quick. Sound quality is impressive. Fit is comfortable.
P1002,Pixel Buds Pro,Connectivity drops sometimes. Mic could be better.
P1002,Pixel Buds Pro,Fit is comfortable. Connectivity drops sometimes. Mic could be better.
P1003,MacBook M4,Trackpad is the best. Performance is top notch. Lightweight and portable. Battery backup is decent.
P1003,MacBook M4,Fan noise is minimal. Gets hot with heavy apps. Battery backup is decent.
P1003,MacBook M4,Battery backup is decent. Keyboard is very responsive. Trackpad is the best. Gets hot with heavy apps.
P1003,MacBook M4,Trackpad is the best. A bit expensive.
P1003,MacBook M4,Gets hot with heavy apps. Battery backup is decent.
P1003,MacBook M4,Display is stunning. Performance is top notch. Fan noise is minimal.
P1003,MacBook M4,Lightweight and portable. A bit expensive.
P1003,MacBook M4,Gets hot with heavy apps. Keyboard is very responsive. Trackpad is the best.
P1003,MacBook M4,Battery backup is decent. A bit expensive. Fan noise is minimal. Lightweight and portable.
P1003,MacBook M4,Gets hot with heavy apps. Trackpad is the best.
P1003,MacBook M4,Battery backup is decent. Gets hot with heavy apps.
P1003,MacBook M4,A bit expensive. Fan noise is minimal.
P1003,MacBook M4,Performance is top notch. Gets hot with heavy apps. Fan noise is minimal. Display is stunning.
P1003,MacBook M4,Lightweight and portable. Fan noise is minimal. Gets hot with heavy apps. Battery backup is decent.
P1003,MacBook M4,Performance is top notch. Display is stunning. Lightweight and portable.
P1003,MacBook M4,A bit expensive. Lightweight and portable. Trackpad is the best.
P1003,MacBook M4,Keyboard is very responsive. Performance is top notch. Fan noise is minimal.
P1003,MacBook M4,Battery backup is decent. Gets hot with heavy apps.
P1003,MacBook M4,Performance is top notch. Keyboard is very responsive. Battery backup is decent.
P1003,MacBook M4,Display is stunning. Gets hot with heavy apps. Battery backup is decent.
P1003,MacBook M4,Lightweight and portable. Trackpad is the best.
P1003,MacBook M4,Battery backup is decent. Keyboard is very responsive.
P1003,MacBook M4,Battery backup is decent. Keyboard is very responsive. Trackpad is the best. A bit expensive.
P1003,MacBook M4,Lightweight and portable. Trackpad is the best. Fan noise is minimal.
P1003,MacBook M4,Battery backup is decent. Performance is top notch. A bit expensive. Keyboard is very responsive.
P1003,MacBook M4,Keyboard is very responsive. Gets hot with heavy apps.
P1003,MacBook M4,Display is stunning. Fan noise is minimal.
P1003,MacBook M4,Keyboard is very responsive. Lightweight and portable. Fan noise is minimal.
P1003,MacBook M4,Display is stunning. Keyboard is very responsive. Gets hot with heavy apps.
P1003,MacBook M4,Lightweight and portable. Fan noise is minimal.
P1003,MacBook M4,A bit expensive. Battery backup is decent. Display is stunning.
P1003,MacBook M4,Battery backup is decent. Gets hot with heavy apps.
P1003,MacBook M4,Keyboard is very responsive. Display is stunning. Battery backup is decent. Performance is top notch.
P1003,MacBook M4,Battery backup is decent. Lightweight and portable. Trackpad is the best. Fan noise is minimal.
P1003,MacBook M4,Fan noise is minimal. Gets hot with heavy apps. A bit expensive. Trackpad is the best.
P1003,MacBook M4,Trackpad is the best. Keyboard is very responsive. Fan noise is minimal.
P1003,MacBook M4,Keyboard is very responsive. Trackpad is the best. Gets hot with heavy apps. A bit expensive.
P1003,MacBook M4,Performance is top notch. Trackpad is the best. Fan noise is minimal. Lightweight and portable.
P1003,MacBook M4,Performance is top notch. Keyboard is very responsive. Fan noise is minimal.
P1003,MacBook M4,Keyboard is very responsive. Trackpad is the best. Gets hot with heavy apps.
P1003,MacBook M4,Keyboard is very responsive. Display is stunning.
P1003,MacBook M4,Keyboard is very responsive. Lightweight and portable. Display is stunning. Fan noise is minimal.
P1003,MacBook M4,Performance is top notch. Display is stunning.
P1003,MacBook M4,Gets hot with heavy apps. Keyboard is very responsive.
P1003,MacBook M4,A bit expensive. Keyboard is very responsive. Fan noise is minimal.
P1003,MacBook M4,Performance is top notch. Display is stunning.
P1003,MacBook M4,Gets hot with heavy apps. Display is stunning. Performance is top notch.
P1003,MacBook M4,Lightweight and portable. Display is stunning. Keyboard is very responsive. Battery backup is decent.
P1003,MacBook M4,Gets hot with heavy apps. Display is stunning.
P1003,MacBook M4,Gets hot with heavy apps. A bit expensive.
P1003,MacBook M4,Display is stunning. Lightweight and portable. Keyboard is very responsive.
P1003,MacBook M4,Fan noise is minimal. Lightweight and portable.
P1003,MacBook M4,Performance is top notch. Trackpad is the best. Keyboard is very responsive.
P1003,MacBook M4,Trackpad is the best. Performance is top notch.
P1003,MacBook M4,Trackpad is the best. Keyboard is very responsive. Performance is top notch.
P1003,MacBook M4,Battery backup is decent. Display is stunning.
P1003,MacBook M4,Battery backup is decent. Gets hot with heavy apps. Lightweight and portable. Keyboard is very responsive.
P1003,MacBook M4,A bit expensive. Fan noise is minimal.
P1003,MacBook M4,Display is stunning. Battery backup is decent. Fan noise is minimal. A bit expensive.
P1003,MacBook M4,Battery backup is decent. Display is stunning.
P1003,MacBook M4,Display is stunning. Fan noise is minimal. A bit expensive.
P1003,MacBook M4,Lightweight and portable. Display is stunning. Battery backup is decent. Trackpad is the best.
P1003,MacBook M4,Performance is top notch. Keyboard is very responsive. Display is stunning. A bit expensive.
P1003,MacBook M4,Fan noise is minimal. Performance is top notch.
P1003,MacBook M4,Performance is top notch. Gets hot with heavy apps. Battery backup is decent. Trackpad is the best.
P1003,MacBook M4,Fan noise is minimal. Lightweight and portable. Gets hot with heavy apps. Battery backup is decent.
P1003,MacBook M4,Gets hot with heavy apps. Trackpad is the best.
P1003,MacBook M4,Fan noise is minimal. Display is stunning. Keyboard is very responsive.
P1003,MacBook M4,Fan noise is minimal. Keyboard is very responsive.
P1004,Sony WH-1000XM5,Good for calls. Bass is powerful. Excellent noise cancellation. Battery life is long.
P1004,Sony WH-1000XM5,Controls take time to adapt. Battery life is long.
P1004,Sony WH-1000XM5,Comfortable over long use. Good for calls. Excellent noise cancellation.
P1004,Sony WH-1000XM5,Connection stable. Folds neatly into case. Bass is powerful. Build quality is premium.
P1004,Sony WH-1000XM5,Battery life is long. Connection stable.
P1004,Sony WH-1000XM5,Good for calls. Folds neatly into case. Battery life is long. Bass is powerful.
P1004,Sony WH-1000XM5,Folds neatly into case. Good for calls. Bass is powerful.
P1004,Sony WH-1000XM5,Bass is powerful. Build quality is premium. Controls take time to adapt.
P1004,Sony WH-1000XM5,Controls take time to adapt. Good for calls. Build quality is premium.
P1004,Sony WH-1000XM5,Build quality is premium. Bass is powerful. Controls take time to adapt. Good for calls.
P1004,Sony WH-1000XM5,Controls take time to adapt. Folds neatly into case. Good for calls.
P1004,Sony WH-1000XM5,Controls take time to adapt. Build quality is premium. Connection stable.
P1004,Sony WH-1000XM5,Comfortable over long use. Connection stable.
P1004,Sony WH-1000XM5,Comfortable over long use. Good for calls. Bass is powerful. Excellent noise cancellation.
P1004,Sony WH-1000XM5,Controls take time to adapt. Comfortable over long use. Build quality is premium. Folds neatly into case.
P1004,Sony WH-1000XM5,Controls take time to adapt. Battery life is long. Connection stable.
P1004,Sony WH-1000XM5,Bass is powerful. Battery life is long. Good for calls.
P1004,Sony WH-1000XM5,Battery life is long. Folds neatly into case. Connection stable. Excellent noise cancellation.
P1004,Sony WH-1000XM5,Comfortable over long use. Good for calls.
P1004,Sony WH-1000XM5,Build quality is premium. Good for calls. Comfortable over long use. Bass is powerful.
P1004,Sony WH-1000XM5,Comfortable over long use. Folds neatly into case. Bass is powerful. Build quality is premium.
P1004,Sony WH-1000XM5,Comfortable over long use. Excellent noise cancellation. Folds neatly into case. Battery life is long.
P1004,Sony WH-1000XM5,Bass is powerful. Folds neatly into case. Good for calls. Excellent noise cancellation.
P1004,Sony WH-1000XM5,Connection stable. Build quality is premium. Excellent noise cancellation. Comfortable over long use.
P1004,Sony WH-1000XM5,Good for calls. Folds neatly into case.
P1004,Sony WH-1000XM5,Battery life is long. Excellent noise cancellation.
P1004,Sony WH-1000XM5,Folds neatly into case. Connection stable.
P1004,Sony WH-1000XM5,Folds neatly into case. Build quality is premium. Comfortable over long use. Controls take time to adapt.
P1004,Sony WH-1000XM5,Good for calls. Comfortable over long use.
P1004,Sony WH-1000XM5,Bass is powerful. Good for calls. Build quality is premium. Battery life is long.
P1004,Sony WH-1000XM5,Bass is powerful. Connection stable. Good for calls. Excellent noise cancellation.
P1004,Sony WH-1000XM5,Battery life is long. Build quality is premium.
P1004,Sony WH-1000XM5,Build quality is premium. Battery life is long. Controls take time to adapt.
P1004,Sony WH-1000XM5,Controls take time to adapt. Comfortable over long use.
P1004,Sony WH-1000XM5,Excellent noise cancellation. Connection stable.
P1004,Sony WH-1000XM5,Battery life is long. Excellent noise cancellation. Build quality is premium. Connection stable.
P1004,Sony WH-1000XM5,Connection stable. Build quality is premium.
P1004,Sony WH-1000XM5,Folds neatly into case. Good for calls. Excellent noise cancellation. Comfortable over long use.
P1004,Sony WH-1000XM5,Comfortable over long use. Folds neatly into case. Controls take time to adapt.
P1004,Sony WH-1000XM5,Good for calls. Build quality is premium. Controls take time to adapt.
P1004,Sony WH-1000XM5,Build quality is premium. Excellent noise cancellation.
P1004,Sony WH-1000XM5,Connection stable. Controls take time to adapt.
P1004,Sony WH-1000XM5,Good for calls. Build quality is premium.
P1004,Sony WH-1000XM5,Excellent noise cancellation. Connection stable. Build quality is premium. Controls take time to adapt.
P1004,Sony WH-1000XM5,Folds neatly into case. Connection stable. Good for calls.
P1004,Sony WH-1000XM5,Folds neatly into case. Battery life is long.
P1004,Sony WH-1000XM5,Connection stable. Bass is powerful. Controls take time to adapt. Good for calls.
P1004,Sony WH-1000XM5,Folds neatly into case. Bass is powerful. Controls take time to adapt. Battery life is long.
P1004,Sony WH-1000XM5,Excellent noise cancellation. Controls take time to adapt. Bass is powerful. Good for calls.
P1004,Sony WH-1000XM5,Build quality is premium. Comfortable over long use. Controls take time to adapt.
P1004,Sony WH-1000XM5,Build quality is premium. Folds neatly into case. Excellent noise cancellation.
P1005,Galaxy S23 Ultra,Camera zoom is truly excellent. Screen is large and clear. UI is smooth. Speaker quality is great.
P1005,Galaxy S23 Ultra,Very sleek build and design quality. Face recognition is remarkably fast. S Pen is useful. Battery life could be better.
P1005,Galaxy S23 Ultra,Screen is large and clear. Gets warm while gaming. Face recognition is remarkably fast.
P1005,Galaxy S23 Ultra,S Pen is useful. Gets warm while gaming. UI is smooth.
P1005,Galaxy S23 Ultra,UI is smooth. Battery life could be better. S Pen is useful.
P1005,Galaxy S23 Ultra,UI is smooth. Face recognition is remarkably fast.
P1005,Galaxy S23 Ultra,Battery life could be better. Gets warm while gaming.
P1005,Galaxy S23 Ultra,S Pen is useful. UI is smooth. Very sleek build and design quality.
P1005,Galaxy S23 Ultra,Gets warm while gaming. Speaker quality is great.
P1005,Galaxy S23 Ultra,Very sleek build and design quality. Speaker quality is great. Battery life could be better.
P1005,Galaxy S23 Ultra,UI is smooth. Screen is large and clear. Face recognition is remarkably fast.
P1005,Galaxy S23 Ultra,Screen is large and clear. UI is smooth. Battery life could be better. Camera zoom is truly excellent.
P1005,Galaxy S23 Ultra,S Pen is useful. Battery life could be better. Face recognition is remarkably fast. Gets warm while gaming.
P1005,Galaxy S23 Ultra,Face recognition is remarkably fast. Speaker quality is great.
P1005,Galaxy S23 Ultra,S Pen is useful. Speaker quality is great. UI is smooth.
P1005,Galaxy S23 Ultra,Speaker quality is great. Face recognition is remarkably fast. Battery life could be better. Screen is large and clear.
P1005,Galaxy S23 Ultra,UI is smooth. Very sleek build and design quality. Battery life could be better.
P1005,Galaxy S23 Ultra,S Pen is useful. Battery life could be better. Speaker quality is great.
P1005,Galaxy S23 Ultra,Face recognition is remarkably fast. Speaker quality is great. Battery life could be better. Gets warm while gaming.
P1005,Galaxy S23 Ultra,Camera zoom is truly excellent. Speaker quality is great. S Pen is useful. Gets warm while gaming.
P1005,Galaxy S23 Ultra,Face recognition is remarkably fast. Very sleek build and design quality.
P1005,Galaxy S23 Ultra,Face recognition is remarkably fast. Gets warm while gaming. Camera zoom is truly excellent. Very sleek build and design quality.
P1005,Galaxy S23 Ultra,Face recognition is remarkably fast. Speaker quality is great. S Pen is useful.
P1005,Galaxy S23 Ultra,Camera zoom is truly excellent. Gets warm while gaming. Face recognition is remarkably fast.
P1005,Galaxy S23 Ultra,Speaker quality is great. Face recognition is remarkably fast. Gets warm while gaming. Camera zoom is truly excellent.
P1005,Galaxy S23 Ultra,Battery life could be better. Face recognition is remarkably fast. Gets warm while gaming.
P1005,Galaxy S23 Ultra,Camera zoom is truly excellent. UI is smooth. Speaker quality is great. S Pen is useful.
P1005,Galaxy S23 Ultra,Camera zoom is truly excellent. Face recognition is remarkably fast. Very sleek build and design quality.
P1005,Galaxy S23 Ultra,Speaker quality is great. Screen is large and clear. UI is smooth.
P1005,Galaxy S23 Ultra,Very sleek build and design quality. Face recognition is remarkably fast. Gets warm while gaming.
P1005,Galaxy S23 Ultra,Camera zoom is truly excellent. S Pen is useful.
P1005,Galaxy S23 Ultra,UI is smooth. Gets warm while gaming. Very sleek build and design quality.
P1005,Galaxy S23 Ultra,S Pen is useful. UI is smooth.
P1005,Galaxy S23 Ultra,Gets warm while gaming. S Pen is useful. Battery life could be better.
P1005,Galaxy S23 Ultra,Gets warm while gaming. Face recognition is remarkably fast.
P1005,Galaxy S23 Ultra,Speaker quality is great. Face recognition is remarkably fast.
P1005,Galaxy S23 Ultra,Speaker quality is great. Gets warm while gaming.
P1005,Galaxy S23 Ultra,Battery life could be better. Very sleek build and design quality. UI is smooth.
P1005,Galaxy S23 Ultra,Very sleek build and design quality. Screen is large and clear.
P1005,Galaxy S23 Ultra,Camera zoom is truly excellent. Gets warm while gaming. Screen is large and clear.
P1005,Galaxy S23 Ultra,Gets warm while gaming. S Pen is useful.
P1005,Galaxy S23 Ultra,Gets warm while gaming. Screen is large and clear. Very sleek build and design quality. Camera zoom is truly excellent.
P1005,Galaxy S23 Ultra,Battery life could be better. Very sleek build and design quality. Screen is large and clear. UI is smooth.
P1005,Galaxy S23 Ultra,Screen is large and clear. UI is smooth.
P1005,Galaxy S23 Ultra,Speaker quality is great. Screen is large and clear. UI is smooth.
P1005,Galaxy S23 Ultra,UI is smooth. Speaker quality is great. Screen is large and clear. Battery life could be better.
P1005,Galaxy S23 Ultra,Screen is large and clear. Speaker quality is great. Battery life could be better.
P1005,Galaxy S23 Ultra,Face recognition is remarkably fast. Camera zoom is truly excellent. S Pen is useful. Screen is large and clear.
P1005,Galaxy S23 Ultra,Battery life could be better. Screen is large and clear. Very sleek build and design quality. Speaker quality is great.
P1005,Galaxy S23 Ultra,Camera zoom is truly excellent. Gets warm while gaming.
P1005,Galaxy S23 Ultra,Battery life could be better. Face recognition is remarkably fast.
P1005,Galaxy S23 Ultra,Very sleek build and design quality. S Pen is useful.
P1005,Galaxy S23 Ultra,Battery life could be better. UI is smooth. S Pen is useful. Gets warm while gaming.
P1005,Galaxy S23 Ultra,Speaker quality is great. Screen is large and clear. S Pen is useful.
P1005,Galaxy S23 Ultra,Very sleek build and design quality. Camera zoom is truly excellent. Screen is large and clear. S Pen is useful.
P1005,Galaxy S23 Ultra,Battery life could be better. UI is smooth.
P1005,Galaxy S23 Ultra,Face recognition is remarkably fast. Very sleek build and design quality. S Pen is useful. UI is smooth.
P1005,Galaxy S23 Ultra,Camera zoom is truly excellent. Gets warm while gaming.
P1005,Galaxy S23 Ultra,Very sleek build and design quality. S Pen is useful. Camera zoom is truly excellent.
P1005,Galaxy S23 Ultra,Camera zoom is truly excellent. Battery life could be better. Speaker quality is great.
P1005,Galaxy S23 Ultra,Gets warm while gaming. Face recognition is remarkably fast. Very sleek build and design quality. S Pen is useful.
P1005,Galaxy S23 Ultra,Very sleek build and design quality. Screen is large and clear. Camera zoom is truly excellent. Speaker quality is great.
P1005,Galaxy S23 Ultra,Camera zoom is truly excellent. S Pen is useful. Very sleek build and design quality.
P1005,Galaxy S23 Ultra,Gets warm while gaming. Very sleek build and design quality.
P1005,Galaxy S23 Ultra,S Pen is useful. Gets warm while gaming.
P1005,Galaxy S23 Ultra,Screen is large and clear. UI is smooth. Speaker quality is great. Camera zoom is truly excellent.
P1005,Galaxy S23 Ultra,Gets warm while gaming. S Pen is useful. Face recognition is remarkably fast.
P1005,Galaxy S23 Ultra,UI is smooth. Very sleek build and design quality. Speaker quality is great.
P1005,Galaxy S23 Ultra,UI is smooth. Speaker quality is great. Very sleek build and design quality. Face recognition is remarkably fast.
P1005,Galaxy S23 Ultra,Battery life could be better. Camera zoom is truly excellent.
P1005,Galaxy S23 Ultra,Face recognition is remarkably fast. Battery life could be better. S Pen is useful.
P1005,Galaxy S23 Ultra,Camera zoom is truly excellent. Face recognition is remarkably fast.
P1005,Galaxy S23 Ultra,Camera zoom is truly excellent. Gets warm while gaming. S Pen is useful.
P1005,Galaxy S23 Ultra,Battery life could be better. Camera zoom is truly excellent. Speaker quality is great.
P1005,Galaxy S23 Ultra,Battery life could be better. Gets warm while gaming.
P1005,Galaxy S23 Ultra,Speaker quality is great. Camera zoom is truly excellent. UI is smooth.
P1005,Galaxy S23 Ultra,Battery life could be better. Speaker quality is great.
P1005,Galaxy S23 Ultra,Face recognition is remarkably fast. S Pen is useful.
P1005,Galaxy S23 Ultra,Screen is large and clear. Very sleek build and design quality.
P1005,Galaxy S23 Ultra,Speaker quality is great. Very sleek build and design quality.
P1005,Galaxy S23 Ultra,Very sleek build and design quality. S Pen is useful. Battery life could be better. Camera zoom is truly excellent.
P1005,Galaxy S23 Ultra,Battery life could be better. Gets warm while gaming. Very sleek build and design quality. Screen is large and clear.
P1005,Galaxy S23 Ultra,S Pen is useful. Camera zoom is truly excellent.
P1005,Galaxy S23 Ultra,S Pen is useful. Very sleek build and design quality. Screen is large and clear. Battery life could be better.
P1005,Galaxy S23 Ultra,Face recognition is remarkably fast. Very sleek build and design quality. UI is smooth. Battery life could be better.
P1005,Galaxy S23 Ultra,Screen is large and clear. Gets warm while gaming.
P1005,Galaxy S23 Ultra,Gets warm while gaming. Very sleek build and design quality. Camera zoom is truly excellent. UI is smooth.
P1005,Galaxy S23 Ultra,Camera zoom is truly excellent. Screen is large and clear. Gets warm while gaming.
P1005,Galaxy S23 Ultra,Gets warm while gaming. Screen is large and clear.
P1005,Galaxy S23 Ultra,UI is smooth. Camera zoom is truly excellent. S Pen is useful. Face recognition is remarkably fast.
P1005,Galaxy S23 Ultra,Speaker quality is great. UI is smooth.
P1005,Galaxy S23 Ultra,Face recognition is remarkably fast. Camera zoom is truly excellent. UI is smooth.
P1005,Galaxy S23 Ultra,Camera zoom is truly excellent. Speaker quality is great. Screen is large and clear. UI is smooth.
P1005,Galaxy S23 Ultra,Speaker quality is great. UI is smooth. Very sleek build and design quality. Gets warm while gaming.
P1005,Galaxy S23 Ultra,Battery life could be better. Screen is large and clear. S Pen is useful. Camera zoom is truly excellent.
P1005,Galaxy S23 Ultra,S Pen is useful. Camera zoom is truly excellent.
P1006,iPad Air M2,Performance is amazing. Battery lasts all day. Bit heavy with cover. Multitasking is smooth.
P1006,iPad Air M2,Bit heavy with cover. Apps load instantly.
P1006,iPad Air M2,Perfect for students. Apps load instantly. Apple Pencil works flawlessly.
P1006,iPad Air M2,Display is sharp. Feels like a laptop. Apple Pencil works flawlessly.
P1006,iPad Air M2,Perfect for students. Battery lasts all day. Multitasking is smooth. Apps load instantly.
P1006,iPad Air M2,Display is sharp. Battery lasts all day. Feels like a laptop. Multitasking is smooth.
P1006,iPad Air M2,Apple Pencil works flawlessly. Performance is amazing.
P1006,iPad Air M2,Apps load instantly. Bit heavy with cover. Display is sharp.
P1006,iPad Air M2,Performance is amazing. Feels like a laptop. Apple Pencil works flawlessly.
P1006,iPad Air M2,Perfect for students. Bit heavy with cover.
P1006,iPad Air M2,Perfect for students. Performance is amazing.
P1006,iPad Air M2,Bit heavy with cover. Apple Pencil works flawlessly. Multitasking is smooth.
P1006,iPad Air M2,Display is sharp. Feels like a laptop.
P1006,iPad Air M2,Bit heavy with cover. Multitasking is smooth.
P1006,iPad Air M2,Battery lasts all day. Bit heavy with cover.
P1006,iPad Air M2,Perfect for students. Display is sharp. Multitasking is smooth. Performance is amazing.
P1006,iPad Air M2,Apps load instantly. Apple Pencil works flawlessly.
P1006,iPad Air M2,Multitasking is smooth. Battery lasts all day. Apple Pencil works flawlessly. Performance is amazing.
P1006,iPad Air M2,Performance is amazing. Apple Pencil works flawlessly. Display is sharp. Battery lasts all day.
P1006,iPad Air M2,Bit heavy with cover. Multitasking is smooth. Perfect for students.
P1006,iPad Air M2,Apps load instantly. Display is sharp.
P1006,iPad Air M2,Perfect for students. Battery lasts all day.
P1006,iPad Air M2,Apps load instantly. Perfect for students. Apple Pencil works flawlessly.
P1006,iPad Air M2,Perfect for students. Battery lasts all day. Apps load instantly.
P1006,iPad Air M2,Apple Pencil works flawlessly. Feels like a laptop. Display is sharp.
P1006,iPad Air M2,Feels like a laptop. Apple Pencil works flawlessly. Display is sharp.
P1006,iPad Air M2,Multitasking is smooth. Performance is amazing.
P1006,iPad Air M2,Perfect for students. Apple Pencil works flawlessly. Feels like a laptop.
P1006,iPad Air M2,Apple Pencil works flawlessly. Perfect for students. Apps load instantly.
P1006,iPad Air M2,Display is sharp. Apps load instantly.
P1006,iPad Air M2,Display is sharp. Apple Pencil works flawlessly. Performance is amazing. Multitasking is smooth.
P1006,iPad Air M2,Perfect for students. Bit heavy with cover. Battery lasts all day. Performance is amazing.
P1006,iPad Air M2,Apple Pencil works flawlessly. Battery lasts all day.
P1006,iPad Air M2,Battery lasts all day. Perfect for students.
P1006,iPad Air M2,Bit heavy with cover. Performance is amazing.
P1006,iPad Air M2,Performance is amazing. Multitasking is smooth. Bit heavy with cover.
P1006,iPad Air M2,Battery lasts all day. Apple Pencil works flawlessly. Display is sharp. Apps load instantly.
P1006,iPad Air M2,Battery lasts all day. Bit heavy with cover. Display is sharp.
P1006,iPad Air M2,Display is sharp. Perfect for students. Apple Pencil works flawlessly. Multitasking is smooth.
P1006,iPad Air M2,Performance is amazing. Display is sharp. Battery lasts all day. Perfect for students.
P1006,iPad Air M2,Feels like a laptop. Performance is amazing. Battery lasts all day. Display is sharp.
P1006,iPad Air M2,Perfect for students. Multitasking is smooth. Feels like a laptop. Bit heavy with cover.
P1006,iPad Air M2,Bit heavy with cover. Apps load instantly. Perfect for students. Performance is amazing.
P1006,iPad Air M2,Apple Pencil works flawlessly. Performance is amazing. Bit heavy with cover.
P1006,iPad Air M2,Perfect for students. Multitasking is smooth.
P1006,iPad Air M2,Perfect for students. Apple Pencil works flawlessly. Multitasking is smooth. Apps load instantly.
P1006,iPad Air M2,Multitasking is smooth. Performance is amazing.
P1006,iPad Air M2,Multitasking is smooth. Performance is amazing.
P1006,iPad Air M2,Bit heavy with cover. Multitasking is smooth.
P1006,iPad Air M2,Perfect for students. Apps load instantly. Display is sharp. Performance is amazing.
P1006,iPad Air M2,Apple Pencil works flawlessly. Perfect for students.
P1006,iPad Air M2,Perfect for students. Display is sharp. Battery lasts all day.
P1006,iPad Air M2,Apps load instantly. Battery lasts all day.
P1006,iPad Air M2,Perfect for students. Apps load instantly. Display is sharp. Bit heavy with cover.
P1006,iPad Air M2,Feels like a laptop. Perfect for students. Bit heavy with cover.
P1006,iPad Air M2,Battery lasts all day. Feels like a laptop. Performance is amazing. Multitasking is smooth.
P1006,iPad Air M2,Feels like a laptop. Apps load instantly. Perfect for students. Multitasking is smooth.
P1006,iPad Air M2,Multitasking is smooth. Feels like a laptop.
P1006,iPad Air M2,Battery lasts all day. Performance is amazing. Display is sharp.
P1006,iPad Air M2,Feels like a laptop. Performance is amazing.
P1006,iPad Air M2,Display is sharp. Performance is amazing. Multitasking is smooth.
P1006,iPad Air M2,Perfect for students. Apple Pencil works flawlessly. Performance is amazing. Battery lasts all day.
P1006,iPad Air M2,Bit heavy with cover. Feels like a laptop. Performance is amazing.
P1006,iPad Air M2,Performance is amazing. Feels like a laptop. Battery lasts all day. Multitasking is smooth.
P1006,iPad Air M2,Apps load instantly. Bit heavy with cover.
P1006,iPad Air M2,Apple Pencil works flawlessly. Performance is amazing. Battery lasts all day.
P1006,iPad Air M2,Display is sharp. Apple Pencil works flawlessly. Bit heavy with cover.
P1006,iPad Air M2,Perfect for students. Feels like a laptop. Performance is amazing. Bit heavy with cover.
P1006,iPad Air M2,Performance is amazing. Bit heavy with cover.
P1006,iPad Air M2,Bit heavy with cover. Display is sharp. Perfect for students. Performance is amazing.
P1006,iPad Air M2,Apple Pencil works flawlessly. Bit heavy with cover.
P1007,AirPods Pro 2,Sound is clear. Bass is decent.
P1007,AirPods Pro 2,Sound is clear. Build quality is solid. Pairs quickly with devices.
P1007,AirPods Pro 2,Battery goes on for days. Comfortable comfort and fit.
P1007,AirPods Pro 2,Comfortable comfort and fit. Bass is decent. Pairs quickly with devices. Buttons are tactile.
P1007,AirPods Pro 2,Build quality is solid. Noise cancellation is top tier. Bass is decent.
P1007,AirPods Pro 2,Noise cancellation is top tier. Buttons are tactile. Build quality is solid. Battery goes on for days.
P1007,AirPods Pro 2,Bass is decent. Sound is clear. Battery goes on for days.
P1007,AirPods Pro 2,Noise cancellation is top tier. Bass is decent. Buttons are tactile.
P1007,AirPods Pro 2,Pairs quickly with devices. Comfortable comfort and fit. Battery goes on for days.
P1007,AirPods Pro 2,Sound is clear. Noise cancellation is top tier. Buttons are tactile. Comfortable comfort and fit.
P1007,AirPods Pro 2,Pairs quickly with devices. Sound is clear.
P1007,AirPods Pro 2,Pairs quickly with devices. Mic is clear for calls.
P1007,AirPods Pro 2,Pairs quickly with devices. Noise cancellation is top tier. Build quality is solid. Mic is clear for calls.
P1007,AirPods Pro 2,Sound is clear. Pairs quickly with devices.
P1007,AirPods Pro 2,Pairs quickly with devices. Battery goes on for days.
P1007,AirPods Pro 2,Mic is clear for calls. Buttons are tactile. Comfortable comfort and fit. Sound is clear.
P1007,AirPods Pro 2,Sound is clear. Mic is clear for calls. Buttons are tactile.
P1007,AirPods Pro 2,Mic is clear for calls. Pairs quickly with devices. Noise cancellation is top tier.
P1007,AirPods Pro 2,Mic is clear for calls. Battery goes on for days.
P1007,AirPods Pro 2,Mic is clear for calls. Buttons are tactile. Bass is decent. Comfortable comfort and fit.
P1007,AirPods Pro 2,Pairs quickly with devices. Buttons are tactile. Build quality is solid. Bass is decent.
P1007,AirPods Pro 2,Mic is clear for calls. Comfortable comfort and fit.
P1007,AirPods Pro 2,Bass is decent. Noise cancellation is top tier. Sound is clear. Mic is clear for calls.
P1007,AirPods Pro 2,Build quality is solid. Comfortable comfort and fit. Battery goes on for days. Pairs quickly with devices.
P1007,AirPods Pro 2,Sound is clear. Build quality is solid.
P1007,AirPods Pro 2,Buttons are tactile. Build quality is solid. Mic is clear for calls.
P1007,AirPods Pro 2,Sound is clear. Mic is clear for calls. Battery goes on for days.
P1007,AirPods Pro 2,Buttons are tactile. Noise cancellation is top tier.
P1007,AirPods Pro 2,Bass is decent. Comfortable comfort and fit. Mic is clear for calls.
P1007,AirPods Pro 2,Battery goes on for days. Build quality is solid.
P1007,AirPods Pro 2,Comfortable comfort and fit. Pairs quickly with devices. Battery goes on for days. Build quality is solid.
P1007,AirPods Pro 2,Buttons are tactile. Pairs quickly with devices. Noise cancellation is top tier.
P1007,AirPods Pro 2,Battery goes on for days. Pairs quickly with devices. Comfortable comfort and fit. Buttons are tactile.
P1007,AirPods Pro 2,Comfortable comfort and fit. Pairs quickly with devices. Mic is clear for calls.
P1007,AirPods Pro 2,Bass is decent. Build quality is solid. Noise cancellation is top tier.
P1007,AirPods Pro 2,Pairs quickly with devices. Buttons are tactile. Comfortable comfort and fit. Bass is decent.
P1007,AirPods Pro 2,Pairs quickly with devices. Buttons are tactile.
P1007,AirPods Pro 2,Sound is clear. Noise cancellation is top tier. Comfortable comfort and fit. Battery goes on for days.
P1007,AirPods Pro 2,Build quality is solid. Noise cancellation is top tier.
P1007,AirPods Pro 2,Mic is clear for calls. Noise cancellation is top tier. Bass is decent. Comfortable comfort and fit.
P1007,AirPods Pro 2,Build quality is solid. Mic is clear for calls. Noise cancellation is top tier.
P1007,AirPods Pro 2,Noise cancellation is top tier. Build quality is solid. Battery goes on for days.
P1007,AirPods Pro 2,Battery goes on for days. Comfortable comfort and fit. Sound is clear. Mic is clear for calls.
P1007,AirPods Pro 2,Battery goes on for days. Comfortable comfort and fit. Bass is decent. Build quality is solid.
P1007,AirPods Pro 2,Buttons are tactile. Sound is clear. Build quality is solid.
P1007,AirPods Pro 2,Sound is clear. Battery goes on for days.
P1007,AirPods Pro 2,Build quality is solid. Sound is clear. Battery goes on for days. Comfortable comfort and fit.
P1007,AirPods Pro 2,Bass is decent. Mic is clear for calls. Noise cancellation is top tier. Pairs quickly with devices.
P1007,AirPods Pro 2,Bass is decent. Noise cancellation is top tier. Buttons are tactile. Sound is clear.
P1007,AirPods Pro 2,Mic is clear for calls. Battery goes on for days.
P1007,AirPods Pro 2,Build quality is solid. Noise cancellation is top tier.
P1007,AirPods Pro 2,Sound is clear. Buttons are tactile. Bass is decent.
P1007,AirPods Pro 2,Buttons are tactile. Build quality is solid. Bass is decent. Mic is clear for calls.
P1007,AirPods Pro 2,Pairs quickly with devices. Bass is decent. Comfortable comfort and fit. Mic is clear for calls.
P1007,AirPods Pro 2,Comfortable comfort and fit. Noise cancellation is top tier.
P1007,AirPods Pro 2,Mic is clear for calls. Buttons are tactile. Battery goes on for days. Comfortable comfort and fit.
P1007,AirPods Pro 2,Comfortable comfort and fit. Sound is clear.
P1007,AirPods Pro 2,Noise cancellation is top tier. Battery goes on for days. Bass is decent.
P1007,AirPods Pro 2,Pairs quickly with devices. Noise cancellation is top tier. Mic is clear for calls.
P1007,AirPods Pro 2,Comfortable comfort and fit. Mic is clear for calls. Bass is decent.
P1007,AirPods Pro 2,Build quality is solid. Battery goes on for days. Noise cancellation is top tier.
P1007,AirPods Pro 2,Battery goes on for days. Buttons are tactile. Bass is decent.
P1007,AirPods Pro 2,Sound is clear. Bass is decent. Battery goes on for days. Noise cancellation is top tier.
P1007,AirPods Pro 2,Bass is decent. Build quality is solid.
P1007,AirPods Pro 2,Noise cancellation is top tier. Mic is clear for calls.
P1007,AirPods Pro 2,Build quality is solid. Sound is clear. Noise cancellation is top tier. Buttons are tactile.
P1007,AirPods Pro 2,Noise cancellation is top tier. Bass is decent. Sound is clear. Pairs quickly with devices.
P1007,AirPods Pro 2,Mic is clear for calls. Buttons are tactile.
P1007,AirPods Pro 2,Mic is clear for calls. Sound is clear.
P1007,AirPods Pro 2,Sound is clear. Mic is clear for calls.
P1007,AirPods Pro 2,Comfortable comfort and fit. Sound is clear. Build quality is solid. Bass is decent.
P1007,AirPods Pro 2,Mic is clear for calls. Noise cancellation is top tier. Bass is decent.
P1007,AirPods Pro 2,Noise cancellation is top tier. Comfortable comfort and fit. Sound is clear.
P1007,AirPods Pro 2,Build quality is solid. Buttons are tactile. Comfortable comfort and fit. Battery goes on for days.
P1007,AirPods Pro 2,Build quality is solid. Buttons are tactile.
P1007,AirPods Pro 2,Comfortable comfort and fit. Battery goes on for days. Noise cancellation is top tier.
P1007,AirPods Pro 2,Sound is clear. Noise cancellation is top tier.
P1007,AirPods Pro 2,Bass is decent. Comfortable comfort and fit. Pairs quickly with devices. Buttons are tactile.
P1007,AirPods Pro 2,Bass is decent. Battery goes on for days. Noise cancellation is top tier.
P1007,AirPods Pro 2,Build quality is solid. Sound is clear. Bass is decent.
P1007,AirPods Pro 2,Comfortable comfort and fit. Bass is decent. Battery goes on for days.
P1007,AirPods Pro 2,Build quality is solid. Comfortable comfort and fit.
P1007,AirPods Pro 2,Mic is clear for calls. Battery goes on for days. Pairs quickly with devices.
P1007,AirPods Pro 2,Mic is clear for calls. Battery goes on for days. Pairs quickly with devices. Noise cancellation is top tier.
P1007,AirPods Pro 2,Mic is clear for calls. Comfortable comfort and fit. Sound is clear. Battery goes on for days.
P1007,AirPods Pro 2,Mic is clear for calls. Battery goes on for days. Sound is clear.
P1007,AirPods Pro 2,Battery goes on for days. Buttons are tactile.
P1007,AirPods Pro 2,Noise cancellation is top tier. Build quality is solid.
P1007,AirPods Pro 2,Comfortable comfort and fit. Battery goes on for days. Mic is clear for calls. Buttons are tactile.
P1007,AirPods Pro 2,Buttons are tactile. Mic is clear for calls. Bass is decent. Build quality is solid.
P1007,AirPods Pro 2,Sound is clear. Buttons are tactile. Noise cancellation is top tier.
P1008,Dell XPS 13,Fan is quiet. Touchpad is responsive. Screen is bright. Audio is decent.
P1008,Dell XPS 13,Battery could be longer. Gets warm with use. Performance is great.
P1008,Dell XPS 13,Compact and sleek. Audio is decent. Touchpad is responsive. Gets warm with use.
P1008,Dell XPS 13,Performance is great. Battery could be longer.
P1008,Dell XPS 13,Gets warm with use. Performance is great. Keyboard feels premium.
P1008,Dell XPS 13,Screen is bright. Touchpad is responsive.
P1008,Dell XPS 13,Compact and sleek. Performance is great. Gets warm with use. Screen is bright.
P1008,Dell XPS 13,Performance is great. Gets warm with use. Screen is bright.
P1008,Dell XPS 13,Fan is quiet. Compact and sleek.
P1008,Dell XPS 13,Keyboard feels premium. Battery could be longer.
P1008,Dell XPS 13,Fan is quiet. Compact and sleek. Touchpad is responsive.
P1008,Dell XPS 13,Gets warm with use. Battery could be longer. Fan is quiet. Audio is decent.
P1008,Dell XPS 13,Gets warm with use. Compact and sleek. Performance is great.
P1008,Dell XPS 13,Compact and sleek. Gets warm with use. Performance is great.
P1008,Dell XPS 13,Performance is great. Touchpad is responsive.
P1008,Dell XPS 13,Performance is great. Screen is bright. Touchpad is responsive. Battery could be longer.
P1008,Dell XPS 13,Fan is quiet. Performance is great. Touchpad is responsive.
P1008,Dell XPS 13,Battery could be longer. Compact and sleek.
P1008,Dell XPS 13,Audio is decent. Touchpad is responsive. Keyboard feels premium.
P1008,Dell XPS 13,Keyboard feels premium. Compact and sleek. Battery could be longer. Audio is decent.
P1008,Dell XPS 13,Keyboard feels premium. Touchpad is responsive. Screen is bright. Gets warm with use.
P1008,Dell XPS 13,Performance is great. Screen is bright. Gets warm with use. Keyboard feels premium.
P1008,Dell XPS 13,Fan is quiet. Performance is great.
P1008,Dell XPS 13,Screen is bright. Battery could be longer. Fan is quiet. Gets warm with use.
P1008,Dell XPS 13,Keyboard feels premium. Compact and sleek. Audio is decent.
P1008,Dell XPS 13,Gets warm with use. Audio is decent.
P1008,Dell XPS 13,Audio is decent. Keyboard feels premium.
P1008,Dell XPS 13,Audio is decent. Battery could be longer. Compact and sleek. Touchpad is responsive.
P1008,Dell XPS 13,Touchpad is responsive. Performance is great. Screen is bright. Keyboard feels premium.
P1008,Dell XPS 13,Screen is bright. Audio is decent. Touchpad is responsive.
P1008,Dell XPS 13,Compact and sleek. Fan is quiet.
P1008,Dell XPS 13,Gets warm with use. Screen is bright.
P1008,Dell XPS 13,Battery could be longer. Touchpad is responsive. Keyboard feels premium.
P1008,Dell XPS 13,Screen is bright. Touchpad is responsive. Battery could be longer.
P1008,Dell XPS 13,Screen is bright. Battery could be longer. Gets warm with use.
P1008,Dell XPS 13,Compact and sleek. Gets warm with use.
P1008,Dell XPS 13,Gets warm with use. Keyboard feels premium. Fan is quiet.
P1008,Dell XPS 13,Touchpad is responsive. Gets warm with use. Screen is bright.
P1008,Dell XPS 13,Gets warm with use. Compact and sleek. Battery could be longer. Touchpad is responsive.
P1008,Dell XPS 13,Screen is bright. Performance is great.
P1008,Dell XPS 13,Touchpad is responsive. Audio is decent. Fan is quiet. Keyboard feels premium.
P1008,Dell XPS 13,Gets warm with use. Touchpad is responsive.
P1008,Dell XPS 13,Audio is decent. Performance is great. Fan is quiet.
P1008,Dell XPS 13,Keyboard feels premium. Gets warm with use.
P1008,Dell XPS 13,Compact and sleek. Touchpad is responsive. Gets warm with use. Keyboard feels premium.
P1008,Dell XPS 13,Battery could be longer. Touchpad is responsive.
P1008,Dell XPS 13,Fan is quiet. Screen is bright. Touchpad is responsive.
P1008,Dell XPS 13,Fan is quiet. Keyboard feels premium.
P1008,Dell XPS 13,Screen is bright. Battery could be longer.
P1008,Dell XPS 13,Battery could be longer. Performance is great.
P1008,Dell XPS 13,Keyboard feels premium. Battery could be longer. Gets warm with use.
P1008,Dell XPS 13,Screen is bright. Battery could be longer. Performance is great. Fan is quiet.
P1008,Dell XPS 13,Battery could be longer. Audio is decent. Performance is great.
P1008,Dell XPS 13,Performance is great. Keyboard feels premium. Gets warm with use.
P1008,Dell XPS 13,Compact and sleek. Keyboard feels premium.
P1008,Dell XPS 13,Gets warm with use. Fan is quiet. Audio is decent.
P1008,Dell XPS 13,Fan is quiet. Audio is decent. Performance is great.
P1008,Dell XPS 13,Screen is bright. Audio is decent.
P1008,Dell XPS 13,Gets warm with use. Audio is decent. Fan is quiet.
P1008,Dell XPS 13,Battery could be longer. Keyboard feels premium. Fan is quiet.
P1008,Dell XPS 13,Performance is great. Compact and sleek. Fan is quiet.
P1008,Dell XPS 13,Audio is decent. Touchpad is responsive. Battery could be longer.
P1008,Dell XPS 13,Performance is great. Battery could be longer. Touchpad is responsive. Keyboard feels premium.
P1008,Dell XPS 13,Touchpad is responsive. Compact and sleek. Gets warm with use.
P1008,Dell XPS 13,Compact and sleek. Battery could be longer. Gets warm with use. Keyboard feels premium.
P1008,Dell XPS 13,Battery could be longer. Audio is decent.
P1008,Dell XPS 13,Screen is bright. Touchpad is responsive.
P1008,Dell XPS 13,Fan is quiet. Screen is bright. Compact and sleek. Battery could be longer.
P1008,Dell XPS 13,Touchpad is responsive. Fan is quiet. Performance is great.
P1008,Dell XPS 13,Fan is quiet. Touchpad is responsive. Compact and sleek. Battery could be longer.
P1008,Dell XPS 13,Battery could be longer. Fan is quiet.
P1008,Dell XPS 13,Performance is great. Screen is bright.
P1008,Dell XPS 13,Compact and sleek. Gets warm with use. Fan is quiet. Audio is decent.
P1008,Dell XPS 13,Screen is bright. Battery could be longer.
P1008,Dell XPS 13,Compact and sleek. Audio is decent.
P1008,Dell XPS 13,Keyboard feels premium. Fan is quiet. Performance is great.
P1008,Dell XPS 13,Screen is bright. Touchpad is responsive.
P1008,Dell XPS 13,Screen is bright. Battery could be longer. Compact and sleek. Keyboard feels premium.
P1008,Dell XPS 13,Touchpad is responsive. Screen is bright.
P1008,Dell XPS 13,Audio is decent. Fan is quiet. Battery could be longer. Keyboard feels premium.
P1008,Dell XPS 13,Fan is quiet. Battery could be longer. Gets warm with use. Performance is great.
P1008,Dell XPS 13,Fan is quiet. Compact and sleek. Keyboard feels premium. Screen is bright.
P1008,Dell XPS 13,Screen is bright. Touchpad is responsive. Gets warm with use. Audio is decent.
P1008,Dell XPS 13,Screen is bright. Compact and sleek. Audio is decent.
P1008,Dell XPS 13,Keyboard feels premium. Performance is great.
P1008,Dell XPS 13,Gets warm with use. Screen is bright. Keyboard feels premium. Fan is quiet.
